order_id,merchant_id,utr,amount,transaction_date,status
ORD_1001,MID_SWIGGY,424510012301,450.00,2024-09-01 09:12:15,SUCCESS
ORD_1002,MID_FLIPKART,424510012302,2499.00,2024-09-01 10:15:30,SUCCESS
ORD_1003,MID_ZOMATO,UTR-424510012303,320.00,2024-09-01 11:05:44,SUCCESS
ORD_1004,MID_AMAZON,utr:424510012304,1850.50,2024-09-01 11:45:10,SUCCESS
ORD_1005,MID_MYNTRA,UPI/424510012305/PAY,1299.00,2024-09-01 12:20:00,SUCCESS
ORD_1006,MID_UBER, 424510012306 ,540.00,2024-09-01 13:10:22,SUCCESS
ORD_1007,MID_OLA,UTR424510012307,275.00,2024-09-01 14:02:11,SUCCESS
ORD_1008,MID_BOOKMYSHOW,4245-1001-2308,780.00,2024-09-01 14:35:49,SUCCESS
ORD_1009,MID_ZEPTO,424510012309,199.00,2024-09-01 15:12:05,SUCCESS
ORD_1010,MID_BLINKIT,424510012310,640.00,2024-09-01 16:04:18,SUCCESS
ORD_1011,MID_BIGBASKET,424510012311,1450.00,2024-09-01 16:48:33,SUCCESS
ORD_1012,MID_NYKAA,424510012312,2100.00,2024-09-01 17:30:00,SUCCESS
ORD_1013,MID_SWIGGY,424510012313,820.00,2024-09-01 18:15:20,SUCCESS
ORD_1014,MID_ZOMATO,424510012314,399.00,2024-09-01 18:50:11,SUCCESS
ORD_1015,MID_FLIPKART,424510012315,4999.00,2024-09-01 19:20:45,SUCCESS
ORD_1016,MID_AMAZON,424510012316,1200.00,2024-09-01 20:05:00,SUCCESS
ORD_1017,MID_MAKEMYTRIP,424510012317,3450.00,2024-09-01 20:40:15,SUCCESS
ORD_1018,MID_SWIGGY,424510012318,850.00,2024-09-01 21:10:00,SUCCESS
ORD_1019,MID_MYNTRA,424510012319,1500.00,2024-09-01 21:45:30,SUCCESS
ORD_1020,MID_ZEPTO,424510012320,499.00,2024-09-01 22:15:00,SUCCESS
