settlement_id,utr,amount,settlement_date,type
SETTL_8001,424510012301,450.00,2024-09-02,00
SETTL_8002,424510012302,2499.00,2024-09-02,00
SETTL_8003,424510012303,320.00,2024-09-02,00
SETTL_8004,424510012304,1850.50,2024-09-02,00
SETTL_8005,424510012305,1299.00,2024-09-02,00
SETTL_8006,424510012306,540.00,2024-09-02,00
SETTL_8007,424510012307,275.00,2024-09-02,00
SETTL_8008,424510012308,780.00,2024-09-02,00
SETTL_8009,424510012309,199.00,2024-09-02,00
SETTL_8010,424510012310,640.00,2024-09-02,00
SETTL_8011,424510012311,1450.00,2024-09-02,00
SETTL_8012,424510012312,2100.00,2024-09-02,00
SETTL_8016_A,424510012316,1200.00,2024-09-02,00
SETTL_8016_B,424510012316,1200.00,2024-09-02,00
SETTL_8017_A,424510012317,3450.00,2024-09-02,00
SETTL_8017_B,424510012317,3450.00,2024-09-02,00
SETTL_8018_RF,424510012318,-850.00,2024-09-02,REFUND
SETTL_8019_RF,424510012319,-1500.00,2024-09-02,REFUND
SETTL_8020_RF,424510012320,-499.00,2024-09-02,REFUND
